"Time (s)","Acceleration x (m/s^2)","Acceleration y (m/s^2)","Acceleration z (m/s^2)","Absolute acceleration (m/s^2)"
4.820583330E-3,-1.907782745E0,3.782783661E0,9.081764374E0,1.002135377E1
1.477958332E-2,-1.824106750E0,3.886817322E0,9.122629395E0,1.008251364E1
2.473858336E-2,-1.750310211E0,3.911665649E0,9.152716827E0,1.010628217E1
3.469758335E-2,-1.644031219E0,3.940854950E0,9.163494415E0,1.010954036E1
4.465658334E-2,-1.568887482E0,3.877536621E0,9.203910370E0,1.010983008E1
5.461558333E-2,-1.637295227E0,3.758234711E0,9.168434143E0,1.004316924E1
6.457558332E-2,-1.835034027E0,3.648512878E0,9.323511658E0,1.017874578E1
7.453458331E-2,-2.126777344E0,3.589236145E0,9.499096527E0,1.037490399E1
8.449358336E-2,-2.392175446E0,3.632645874E0,9.492510223E0,1.044156931E1
9.445258335E-2,-2.644700317E0,3.780688019E0,9.544302521E0,1.060102600E1
1.044115833E-1,-2.609972534E0,3.960913239E0,9.478738861E0,1.059940002E1
1.143705833E-1,-2.349963226E0,4.045337677E0,9.290280762E0,1.040174989E1
1.243295833E-1,-2.200873260E0,4.075574799E0,9.037157135E0,1.015501660E1
1.342885834E-1,-1.968556366E0,4.092639313E0,8.799601135E0,9.902418434E0
1.442475833E-1,-1.958377533E0,4.127067719E0,8.628506927E0,9.763148176E0
1.542065833E-1,-2.059267731E0,4.251908112E0,8.375233612E0,9.615812198E0
1.641655833E-1,-2.200274506E0,4.255350952E0,8.070317688E0,9.385054460E0
1.741255833E-1,-2.262694702E0,4.219725037E0,7.808362427E0,9.159497284E0
1.840845833E-1,-1.895508270E0,4.243525543E0,7.361541595E0,8.705903474E0
1.940435834E-1,-1.304686890E0,4.500391388E0,6.787485352E0,8.247768663E0
2.040025833E-1,-1.446142731E0,4.876559143E0,6.852450256E0,8.533945886E0
2.139615833E-1,-1.729503479E0,4.751269684E0,7.590415649E0,9.120315544E0
2.239205833E-1,-1.380579071E0,4.165837097E0,8.390950928E0,9.469332329E0
2.338795834E-1,-1.254541168E0,3.603755951E0,8.952133942E0,9.731476384E0
2.438385834E-1,-6.994953918E-1,3.315605164E0,9.538614349E0,1.012263282E1
2.537975833E-1,7.215295715E0,5.334157562E0,1.283580780E1,1.566115229E1
2.637565833E-1,1.671424255E0,7.658673706E0,1.213930618E1,1.445031822E1
2.737155833E-1,-2.895877991E0,6.288423157E0,1.654090302E1,1.793130915E1
2.836755833E-1,-1.950593719E0,3.592080231E0,1.795276703E1,1.841221606E1
2.936345834E-1,-2.917882233E0,3.418740692E0,1.280033157E1,1.356651440E1
3.035935833E-1,-3.271746368E0,3.428021393E0,1.046428940E1,1.148725414E1
3.135525833E-1,-3.646117859E0,2.995121613E0,1.115974319E1,1.211630295E1
3.235115833E-1,-4.496798859E0,3.201841736E0,1.181388290E1,1.303997008E1
3.334705833E-1,-3.923491058E0,4.040547638E0,1.049302963E1,1.190896629E1
3.434295834E-1,-4.307891693E0,4.295916595E0,9.715696106E0,1.146331458E1
3.533885833E-1,-3.775448914E0,4.219725037E0,9.879455566E0,1.138699856E1
3.633475833E-1,-3.930227051E0,3.913461914E0,7.523355103E0,9.346803776E0
3.733065833E-1,-5.526357880E0,4.749323730E0,4.815486145E0,8.734163619E0
3.832655833E-1,-3.373684387E0,5.920338593E0,7.059320068E0,9.811531747E0
3.932255834E-1,-2.539618835E0,6.481222229E0,7.354356537E0,1.012632537E1
4.031845834E-1,-2.537074127E0,7.533234558E0,7.482041016E0,1.091637787E1
4.131435833E-1,-2.217189331E0,8.731792145E0,6.526428223E0,1.112449495E1
4.231025833E-1,-1.442999268E0,9.231453094E0,6.177803192E0,1.120121535E1
4.330615833E-1,-6.932084656E-1,8.937913513E0,7.341782684E0,1.158743323E1
4.430205834E-1,-2.585423584E0,9.956395569E0,7.049889679E0,1.247057225E1
4.529795834E-1,-2.957250366E0,1.142319534E1,4.931045837E0,1.278866430E1
4.629385833E-1,-1.319955139E0,1.163904648E1,4.826563110E0,1.266907242E1
4.728975833E-1,-4.887336731E-1,1.134296219E1,5.767207031E0,1.273429734E1
4.828565833E-1,-5.011578369E-1,1.124162292E1,6.301146698E0,1.289688702E1
4.928155834E-1,-1.007854156E0,1.165162033E1,6.518045654E0,1.338883660E1
5.027755834E-1,-1.050515442E0,1.249945724E1,6.645281067E0,1.419506163E1
5.127345833E-1,-7.491920471E-1,1.312066544E1,6.673272858E0,1.473925781E1
5.226935833E-1,-7.194039917E-1,1.353979385E1,6.648574219E0,1.510122839E1
5.326525833E-1,-2.106120300E-1,1.416474426E1,6.586004333E0,1.562241308E1
5.426115833E-1,1.610051880E0,1.500958740E1,6.600374451E0,1.647558569E1
5.525705834E-1,3.303480377E0,1.530492325E1,6.735693054E0,1.704474169E1
5.625292500E-1,4.028572540E0,1.525642410E1,6.801406403E0,1.718275304E1
5.724882500E-1,4.381239166E0,1.459824280E1,6.765331421E0,1.667554073E1
5.824472500E-1,3.164120178E0,1.343411362E1,6.698420563E0,1.534131361E1
5.924062500E-1,4.593946838E0,1.443852493E1,7.568112030E0,1.693669594E1
6.023662500E-1,3.939358063E0,1.368379440E1,7.646848297E0,1.616289145E1
6.123252500E-1,3.200045471E0,1.289014481E1,7.812254333E0,1.540868073E1
6.222842500E-1,1.835183716E0,1.197958832E1,9.195078735E0,1.521275480E1
6.322432500E-1,4.872367859E-1,1.065903442E1,1.063179108E1,1.506278182E1
6.422022500E-1,-1.142124939E-1,9.686656494E0,9.456734619E0,1.353787975E1
6.521612500E-1,-4.905299377E-1,9.451794891E0,7.517367554E0,1.208668115E1
6.621202500E-1,1.414558411E-1,8.887767792E0,5.805227966E0,1.061664249E1
6.720792500E-1,2.433938599E-1,8.451724548E0,4.985532532E0,9.815621378E0
6.820382500E-1,-4.754113770E-1,7.720944214E0,4.698130188E0,9.050492959E0
6.919972500E-1,-8.273295593E-1,6.774163055E0,4.234095154E0,8.031271448E0
7.019562500E-1,-7.765850830E-1,6.144572296E0,3.675456848E0,7.201932806E0
7.119162500E-1,-7.964936829E-1,5.400769043E0,2.972967682E0,6.216208272E0
7.218752500E-1,-9.413923645E-1,4.207600250E0,2.404300232E0,4.936676924E0
7.318342500E-1,-1.589993591E0,2.609822845E0,1.402283936E0,3.362388309E0
7.417932500E-1,-2.250869293E0,9.225315857E-1,-3.135978699E-1,2.452717009E0
7.517522500E-1,-2.394271088E0,-2.421963501E-1,-1.656006317E0,2.921224065E0
7.617112500E-1,-2.439626770E0,-7.312294006E-1,-2.753524017E0,3.750782549E0
7.716702500E-1,-2.290686493E0,-1.103355560E0,-3.619622955E0,4.423382014E0
7.816292500E-1,-2.329156494E0,-1.538949738E0,-4.182302856E0,5.028418584E0
7.915882500E-1,-2.361489258E0,-1.859732666E0,-4.446952515E0,5.367552866E0
8.015472500E-1,-2.116448822E0,-1.995051270E0,-3.929777985E0,4.889042871E0
8.115062500E-1,-1.712888031E0,-1.951491852E0,-3.491040344E0,4.350823892E0
8.214662500E-1,-1.424138489E0,-1.693877563E0,-3.159479828E0,3.857421991E0
8.314252500E-1,-1.183289337E0,-1.500180359E0,-2.713706818E0,3.318873221E0
8.413842500E-1,-8.952882385E-1,-1.775457916E0,-2.249372406E0,3.002243838E0
8.513432500E-1,-6.858737183E-1,-2.480641479E0,-2.008822632E0,3.264869565E0
8.613022500E-1,-8.819659424E-1,-3.073708191E0,-2.801873474E0,4.251592752E0
8.712612500E-1,-1.240769806E0,-3.097209320E0,-3.917653198E0,5.145893690E0
8.812202500E-1,-1.138682098E0,-2.833308105E0,-4.497846680E0,5.436437850E0
8.911792500E-1,-8.584648132E-1,-2.624342651E0,-4.479434967E0,5.262078849E0
9.011382500E-1,-6.718029785E-1,-2.633024597E0,-3.957021332E0,4.800224536E0
9.110972500E-1,-4.861889648E-1,-2.473606110E0,-3.504212952E0,4.316782981E0
9.210562500E-1,-4.165837097E-1,-1.788929901E0,-3.109184418E0,3.611210313E0
9.310162500E-1,-3.487747192E-1,-1.262324982E0,-2.635718994E0,2.943148447E0
9.409752500E-1,-3.394940186E-1,-1.105600891E0,-2.033820648E0,2.339665777E0
9.509342500E-1,-4.451742554E-1,-9.078620911E-1,-1.867067413E0,2.123283876E0
9.608932500E-1,-4.248165894E-1,-8.785231018E-1,-1.596879272E0,1.871442061E0
9.708522500E-1,-4.794529724E-1,-7.155120850E-1,-6.782395935E-1,1.096285384E0
9.808112500E-1,-1.450334015E0,-1.872605896E-1,3.323089600E-2,1.462750688E0
9.907702500E-1,-2.838247833E0,7.722441101E-1,3.703298950E-1,2.964651069E0
1.000729250E0,-2.536325684E0,1.714384918E0,9.672885132E-1,3.210562363E0
1.010688250E0,-1.862277374E0,2.894231415E0,1.710343323E0,3.843166244E0
1.020647250E0,-8.111631775E-1,4.605622559E0,2.533032532E0,5.318458297E0
1.030607250E0,-1.423539734E-1,6.724316711E0,2.898871765E0,7.323944115E0
1.040566250E0,-1.275347900E-1,9.300309906E0,3.536396027E0,9.950785212E0
1.050525250E0,-4.408332825E-1,1.210787155E1,5.191204834E0,1.318117958E1
1.060484250E0,-4.712200928E-1,1.523382111E1,6.224655762E0,1.646322244E1
1.070443250E0,2.005828857E-2,1.810559921E1,6.392456818E0,1.920095387E1
1.080402250E0,9.190887451E-1,2.057950470E1,6.188580780E0,2.150951580E1
1.090361250E0,2.001038818E0,2.268322998E1,6.029910736E0,2.355616484E1
1.100320250E0,2.552641754E0,2.485551270E1,6.431525574E0,2.580071729E1
1.110279250E0,2.679727478E0,2.718781265E1,7.005581818E0,2.820347980E1
1.120238250E0,2.548300781E0,2.917522980E1,7.509733429E0,3.023382157E1
1.130198250E0,2.468217316E0,3.047452789E1,7.870034180E0,3.157097377E1
1.140157250E0,2.439776459E0,3.115052216E1,8.034392395E0,3.226234649E1
1.150116250E0,2.249671783E0,3.148971680E1,7.931406555E0,3.255104448E1
1.160075250E0,2.450254669E0,3.152264832E1,7.664960632E0,3.253356307E1
1.170034250E0,2.914888458E0,3.142056061E1,7.394473114E0,3.241028288E1
1.179993250E0,3.219055939E0,3.097673355E1,7.441625061E0,3.202027680E1
1.189952250E0,3.049458618E0,2.975033386E1,7.160060577E0,3.075139070E1
1.199911250E0,2.739752655E0,2.801199875E1,6.772815857E0,2.894908208E1
1.209870250E0,2.229014740E0,2.587279724E1,6.611451416E0,2.679704151E1
1.219829250E0,1.586251373E0,2.351954086E1,6.395300903E0,2.442508689E1
1.229789250E0,1.650767212E0,2.139291321E1,6.249953156E0,2.234823667E1
1.239748250E0,-5.343887329E-2,1.933349579E1,6.441105652E0,2.037829132E1
1.249707250E0,-1.038839722E0,1.695733704E1,6.446943512E0,1.817122858E1
1.259666250E0,-1.241817627E0,1.519325546E1,5.993686066E0,1.637990828E1
1.269625250E0,-1.079555054E0,1.320913147E1,5.019362183E0,1.417182381E1
1.279584250E0,-8.813671875E-1,1.171179520E1,4.405638428E0,1.254402666E1
1.289543250E0,-1.430275726E0,1.043794418E1,3.734583893E0,1.117781214E1
1.299502250E0,-1.943109283E0,9.261390839E0,3.201991425E0,9.990084236E0
1.309461250E0,-2.188000031E0,8.181536407E0,2.866239624E0,8.940929018E0
1.319420250E0,-2.174078979E0,7.128925323E0,2.426454163E0,7.838104074E0
1.329380250E0,-1.961221619E0,6.188580780E0,2.064955902E0,6.812412582E0
1.339339250E0,-1.644779663E0,5.108576660E0,1.752106476E0,5.645594099E0
1.349298250E0,-1.455573120E0,4.027075653E0,1.459465027E0,4.523944030E0
1.359257250E0,-1.325194244E0,2.900368652E0,1.145717468E0,3.388354560E0
1.369216250E0,-1.286724243E0,1.739981689E0,6.936575317E-1,2.272522019E0
1.379175250E0,-1.070573730E0,6.997947693E-1,3.177891541E-1,1.317888758E0
1.389134250E0,-8.824150085E-1,-3.439846802E-1,1.049317932E-1,9.528863462E-1
1.399093250E0,-9.816586304E-1,-1.318158875E0,-3.112028503E-1,1.672735394E0
1.409052250E0,-9.916877747E-1,-2.076182556E0,-9.249266052E-1,2.479812064E0
1.419011250E0,-7.705975342E-1,-2.626288605E0,-1.526675262E0,3.133999003E0
1.428970250E0,-7.024891663E-1,-3.033142548E0,-2.031126251E0,3.717380609E0
1.438930250E0,-7.749385071E-1,-3.372935944E0,-2.285896454E0,4.147595589E0
1.448889250E0,-8.427474976E-1,-3.708088989E0,-2.617157593E0,4.616238855E0
1.458848250E0,-8.988807678E-1,-4.019441528E0,-2.948568420E0,5.065367959E0
1.468807250E0,-9.394464111E-1,-4.387675781E0,-3.129991150E0,5.470932546E0
1.478766250E0,-9.779164124E-1,-4.738097076E0,-3.316802673E0,5.865753523E0
1.488725250E0,-9.012757874E-1,-5.036576385E0,-3.473227386E0,6.184068904E0
1.498684250E0,-6.349795532E-1,-5.244044952E0,-3.785478058E0,6.498696071E0
1.508643250E0,-4.192781067E-1,-5.383105774E0,-4.238136749E0,6.864067672E0
1.518602250E0,-3.333567810E-1,-5.509143677E0,-4.481231232E0,7.109375792E0
1.528561250E0,-2.706372070E-1,-5.617518311E0,-4.660708008E0,7.304242302E0
1.538520250E0,-1.917512512E-1,-5.692811737E0,-4.863087158E0,7.489625540E0
1.548480250E0,-6.541397095E-2,-5.774392090E0,-4.785548401E0,7.499957099E0
1.558439333E0,8.352630615E-2,-5.656886444E0,-4.783602448E0,7.408791619E0
1.568398333E0,2.245330811E-1,-5.447322235E0,-4.837789764E0,7.288891853E0
1.578357333E0,3.023712158E-1,-5.161267090E0,-4.637206879E0,6.945055360E0
1.588316333E0,2.329156494E-1,-4.854854279E0,-4.344415741E0,6.519034276E0
1.598275333E0,1.456471252E-1,-4.629572754E0,-3.942950592E0,6.082846072E0
1.608234333E0,-1.257385254E-2,-4.436773682E0,-3.255280609E0,5.502905655E0
1.618193333E0,-4.819976807E-2,-4.026776276E0,-2.361938324E0,4.668618965E0
1.628152333E0,-3.993695068E-1,-3.617377625E0,-1.720222778E0,4.025429578E0
1.638111333E0,-9.059161377E-1,-3.113226013E0,-9.515711975E-1,3.379104615E0
1.648070333E0,-1.160686340E0,-2.402354279E0,-4.760101318E-2,2.668476104E0
1.658030333E0,-1.904190216E0,-1.525328064E0,3.532653809E-1,2.465230722E0
1.667989333E0,-2.590662689E0,-6.137237549E-2,7.749385071E-1,2.704778998E0
1.677948333E0,-2.697540436E0,1.654808807E0,1.999841309E0,3.743592105E0
1.687907333E0,-3.006198578E0,3.895199890E0,3.459755402E0,6.014957981E0
1.697866333E0,-3.464844818E0,7.043602753E0,4.633314972E0,9.115102686E0
1.707825333E0,-3.567680969E0,1.036564453E1,5.725294189E0,1.236745437E1
1.717784333E0,-2.185904388E0,1.368903351E1,6.197412415E0,1.518472051E1
1.727743333E0,4.185296631E-1,1.787298294E1,5.523813171E0,1.871179303E1
1.737702333E0,2.778522034E0,2.157134216E1,4.917573853E0,2.229855421E1
1.747662333E0,4.651876373E0,2.450404358E1,4.953948212E0,2.542891481E1
1.757621333E0,6.165678406E0,2.707285172E1,4.700674896E0,2.816116536E1
1.767580333E0,6.110143890E0,2.873140274E1,3.756737823E0,2.961318019E1
1.777539333E0,5.442981262E0,2.983026764E1,3.519181824E0,3.052630920E1
1.787498333E0,5.000202026E0,3.067526047E1,4.208947449E0,3.136381456E1
1.797457333E0,4.781955872E0,3.147220322E1,4.724176025E0,3.218205271E1
1.807416333E0,4.709656219E0,3.203772720E1,4.655768280E0,3.271502719E1
1.817375333E0,4.300556946E0,3.225013550E1,4.913232880E0,3.290449646E1
1.827334333E0,3.865860901E0,3.218442215E1,5.542374573E0,3.288616465E1
1.837293333E0,3.290307770E0,3.159509766E1,5.925278320E0,3.231385530E1
1.847253333E0,2.746189270E0,3.038381653E1,6.262826385E0,3.114387350E1
1.857212333E0,2.306703186E0,2.881492905E1,6.579418030E0,2.964641221E1
1.867171333E0,2.054777069E0,2.705324249E1,6.632258148E0,2.793003556E1
1.877130333E0,1.788630524E0,2.513453247E1,6.343807983E0,2.598437649E1
1.887089333E0,1.285526733E0,2.299039124E1,5.870043182E0,2.376274553E1
1.897048333E0,7.538323975E-1,2.078682358E1,5.521867218E0,2.152095061E1
1.907007333E0,2.287243652E-1,1.868818771E1,5.116360474E0,1.937725005E1
1.916966333E0,-2.903961182E-2,1.700448898E1,4.656965790E0,1.763067835E1
1.926925333E0,-2.221380615E-1,1.552167252E1,4.340224457E0,1.611859831E1
1.936884333E0,-4.230203247E-1,1.398182465E1,4.041146393E0,1.456026204E1
1.946844333E0,-5.282514954E-1,1.254750732E1,3.796405334E0,1.311989646E1
1.956803333E0,-7.587721252E-1,1.111378876E1,3.647465057E0,1.172160557E1
1.966762333E0,-1.002016296E0,9.730066223E0,3.458557892E0,1.037496256E1
1.976721333E0,-1.067430267E0,8.494385834E0,3.212170258E0,9.143961714E0
1.986680333E0,-8.797206116E-1,7.321425018E0,2.838696899E0,7.901605706E0
1.996639333E0,-6.830296326E-1,6.183341675E0,2.371967468E0,6.657812960E0
2.006598333E0,-8.307723999E-1,5.148992615E0,1.768721924E0,5.507330113E0
2.016557333E0,-1.054257660E0,4.117487640E0,1.217717743E0,4.421312043E0
2.026516333E0,-1.176104279E0,3.092868347E0,8.822653198E-1,3.424536170E0
2.036475333E0,-1.391656036E0,2.068698120E0,6.010002136E-1,2.564648064E0
2.046434333E0,-1.585053864E0,1.121318207E0,1.152603149E-1,1.945002625E0
2.056394333E0,-1.549427948E0,1.767823792E-1,-4.644841003E-1,1.627182981E0
2.066353333E0,-1.398092651E0,-6.746470642E-1,-9.900411987E-1,1.841193444E0
2.076312333E0,-1.387913818E0,-1.526675262E0,-1.512454834E0,2.558234108E0
2.086271333E0,-1.494192810E0,-2.372117157E0,-2.148033142E0,3.531798174E0
2.096230333E0,-1.547781372E0,-3.062631226E0,-2.757864990E0,4.402403492E0
2.106189333E0,-1.587149506E0,-3.609743500E0,-3.262465668E0,5.117907182E0
2.116148333E0,-1.571282501E0,-4.055666199E0,-3.703149261E0,5.712326275E0
2.126107333E0,-1.509760437E0,-4.416416016E0,-3.963907013E0,6.123452115E0
2.136066333E0,-1.406924286E0,-4.637057190E0,-4.134701843E0,6.370046677E0
2.146025333E0,-1.296603699E0,-4.774471436E0,-4.399501190E0,6.620601888E0
2.155985333E0,-1.064137115E0,-4.827311554E0,-4.575385437E0,6.735686790E0
2.165944333E0,-8.009843445E-1,-4.921465759E0,-4.790637817E0,6.914666430E0
2.175903333E0,-5.483097839E-1,-5.082680511E0,-5.149142303E0,7.255890797E0
2.185862333E0,-4.117936707E-1,-5.263654175E0,-5.310357056E0,7.488359056E0
2.195821333E0,-5.313949585E-1,-5.529651031E0,-5.510490875E0,7.824636146E0
2.205780333E0,-6.268963623E-1,-5.672304382E0,-5.926026764E0,8.227139798E0
2.215739333E0,-7.514373779E-1,-5.608836365E0,-6.388115845E0,8.534150663E0
2.225698333E0,-8.232879639E-1,-5.522016907E0,-6.502328339E0,8.570341161E0
2.235657333E0,-7.500901794E-1,-5.366490326E0,-6.281088409E0,8.295415921E0
2.245616333E0,-7.885601807E-1,-5.134173431E0,-5.880072327E0,7.845815098E0
2.255575333E0,-7.568261719E-1,-4.790937195E0,-5.318739624E0,7.198253694E0
2.265535333E0,-1.066981201E0,-4.415817261E0,-4.632267151E0,6.488126842E0
2.275494333E0,-1.519789581E0,-3.689228210E0,-3.571872253E0,5.355225164E0
2.285453333E0,-1.777254181E0,-2.836900635E0,-2.375559998E0,4.104865764E0
2.295412333E0,-2.007176056E0,-1.991009674E0,-1.111887817E0,3.037954865E0
2.305371333E0,-2.227517853E0,-9.873468018E-1,-1.947450256E-1,2.444302583E0
2.315330333E0,-2.166444855E0,2.097138977E-1,2.640509033E-1,2.192529614E0
2.325289333E0,-1.781744843E0,1.421294403E0,1.194216614E0,2.573100423E0
2.335248333E0,-2.044598236E0,2.620450745E0,2.279609528E0,4.030355276E0
2.345207333E0,-3.310366058E0,3.772305450E0,2.818039856E0,5.755880513E0
2.355166333E0,-4.879552917E0,5.229525146E0,4.194727020E0,8.291785375E0
2.365126333E0,-6.493347015E0,7.227420502E0,5.590724030E0,1.120961006E1
2.375085333E0,-7.103328552E0,9.484876099E0,6.237828369E0,1.339143957E1
2.385044333E0,-6.872358856E0,1.205443268E1,5.864504700E0,1.506423177E1
2.395003333E0,-5.955066376E0,1.473805206E1,5.078938293E0,1.668737871E1
2.404962333E0,-4.845872955E0,1.707005264E1,4.216731262E0,1.823869525E1
2.414921333E0,-4.031416626E0,1.913770294E1,3.598516846E0,1.988600808E1
2.424880333E0,-3.752546539E0,2.100013000E1,3.282074890E0,2.158376893E1
2.434839333E0,-3.371139679E0,2.257440628E1,3.003204803E0,2.302146044E1
2.444798333E0,-2.812651062E0,2.389735519E1,2.057172089E0,2.415008381E1
2.454757333E0,-1.861828308E0,2.505340118E1,1.098565521E0,2.514649402E1
2.464717333E0,-1.060544586E0,2.624357620E1,6.707551575E-1,2.627356008E1
2.474676333E0,-8.657995605E-1,2.738779678E1,2.677931213E-1,2.740278699E1
2.484635333E0,-6.566844177E-1,2.826167953E1,3.198847961E-1,2.827111761E1
2.494594333E0,-1.679507446E-1,2.872451706E1,8.327183533E-1,2.873707549E1
2.504553333E0,4.026626587E-2,2.876253799E1,1.366358643E0,2.879500216E1
2.514512333E0,-1.122665405E-1,2.830823273E1,1.995650024E0,2.837871144E1
2.524471333E0,-1.884580994E-1,2.736923538E1,2.761457520E0,2.750883875E1
2.534430333E0,-2.730322266E-1,2.637889481E1,3.380121002E0,2.659597443E1
2.544389333E0,-3.174897766E-1,2.546130295E1,3.739224243E0,2.573636621E1
2.554348333E0,-3.644920349E-1,2.435764801E1,4.012406158E0,2.468860616E1
2.564308458E0,-5.460644531E-1,2.321627151E1,4.396058350E0,2.363511748E1
2.574267458E0,-7.897576904E-1,2.198178864E1,4.736600189E0,2.250018067E1
2.584226458E0,-1.285826111E0,2.055585388E1,5.068609772E0,2.121054650E1
2.594185458E0,-1.693278809E0,1.902498734E1,5.341192932E0,1.983294426E1
2.604144458E0,-1.848506012E0,1.767614227E1,5.285059662E0,1.854170531E1
2.614103458E0,-2.070195007E0,1.640932663E1,4.994214478E0,1.727697560E1
2.624062458E0,-2.386337585E0,1.515897675E1,5.014123077E0,1.614405814E1
2.634021458E0,-2.814297638E0,1.391177032E1,5.324727173E0,1.515949683E1
2.643980458E0,-3.191662903E0,1.278685959E1,5.718857574E0,1.436648260E1
2.653939458E0,-3.318299561E0,1.172811127E1,5.915398865E0,1.354812347E1
2.663899458E0,-3.234773254E0,1.067579956E1,5.916296997E0,1.262691666E1
2.673858458E0,-3.081192627E0,9.706415405E0,5.911207581E0,1.177499992E1
2.683817458E0,-2.812501373E0,8.777896271E0,5.670807495E0,1.082218483E1
2.693776458E0,-2.716251526E0,7.836503906E0,5.444777527E0,9.921412104E0
2.703735458E0,-2.807112579E0,6.929390259E0,5.445975037E0,9.249593207E0
2.713694458E0,-2.603236542E0,5.906866608E0,5.170697479E0,8.270672647E0
2.723653458E0,-2.253114624E0,4.664300537E0,4.440366211E0,6.822688407E0
2.733612458E0,-2.091151428E0,3.372337189E0,3.395988007E0,5.222863865E0
2.743571458E0,-1.850152588E0,2.065704346E0,2.542612610E0,3.762323474E0
2.753530458E0,-1.733694763E0,7.978408813E-1,1.770967255E0,2.603569208E0
2.763490458E0,-1.676813049E0,-3.921844482E-1,1.169517975E0,2.081653895E0
2.773449458E0,-1.665586395E0,-1.773212585E0,6.938072205E-1,2.529788405E0
2.783408458E0,-1.587748260E0,-2.963387604E0,8.232879639E-2,3.362943452E0
2.793367458E0,-1.483115845E0,-3.811224518E0,-1.045875092E0,4.221246219E0
2.803326458E0,-1.219663696E0,-4.344864807E0,-2.386786652E0,5.105113147E0
2.813285458E0,-6.794371033E-1,-4.805906067E0,-3.320245514E0,5.880680077E0
2.823244458E0,-3.746708679E-1,-5.324278107E0,-4.078867950E0,6.717550102E0
2.833203458E0,-1.029858398E-1,-5.947132874E0,-4.801714783E0,7.644309017E0
2.843162458E0,1.362167358E-2,-6.509812775E0,-5.354964294E0,8.429323253E0
2.853121458E0,-1.197509766E-3,-6.920858002E0,-5.957461395E0,9.131791894E0
2.863081458E0,-1.490899658E-1,-7.305408325E0,-6.673272858E0,9.895644964E0
2.873040458E0,-3.176394653E-1,-7.665709076E0,-7.215744781E0,1.053237690E1
2.882999458E0,-4.358935547E-1,-8.028704224E0,-7.677684174E0,1.111741557E1
2.892958458E0,-4.381388855E-1,-8.500672760E0,-8.321794739E0,1.190401910E1
2.902917458E0,-4.450245667E-1,-9.035211182E0,-8.937913513E0,1.271689372E1
2.912876458E0,-5.316943359E-1,-9.436826019E0,-9.431736603E0,1.335267911E1
2.922835458E0,-5.683680725E-1,-9.689201202E0,-9.949210510E0,1.389929682E1
2.932794458E0,-5.918692017E-1,-9.800419922E0,-1.036609360E1,1.427776020E1
2.942753458E0,-5.415737915E-1,-9.699529724E0,-1.060005707E1,1.437829576E1
2.952712458E0,-3.724255371E-1,-9.439221039E0,-1.083925964E1,1.437800905E1
2.962671458E0,-1.061293030E-1,-9.003477173E0,-1.082578766E1,1.408089284E1
2.972631458E0,1.303788757E-1,-8.516090698E0,-1.047566574E1,1.350112485E1
2.982590458E0,2.362088013E-1,-8.092172241E0,-9.837093658E0,1.273999442E1
2.992549458E0,5.074447632E-2,-7.632927246E0,-9.037157135E0,1.182938555E1
3.002508458E0,-4.102967834E-1,-7.212301941E0,-8.224048004E0,1.094626001E1
3.012467458E0,-9.226812744E-1,-6.766678619E0,-7.379803619E0,1.005488845E1
3.022426458E0,-1.423839111E0,-6.297105103E0,-6.352938995E0,9.057631278E0
3.032385458E0,-1.788181458E0,-5.790408783E0,-4.997507629E0,7.855030828E0
3.042344458E0,-1.827998657E0,-5.091063080E0,-4.177213440E0,6.834443247E0
3.052303458E0,-1.329834595E0,-4.367018738E0,-3.488944702E0,5.745611181E0
3.062262458E0,-6.547384644E-1,-3.775598602E0,-2.658022614E0,4.663572823E0
3.072222458E0,-1.257385254E-2,-3.291056213E0,-1.874701538E0,3.787573756E0
3.082181458E0,1.432521057E-1,-2.748434601E0,-6.921606445E-1,2.837868968E0
3.092140458E0,-3.302133179E-1,-1.938768311E0,5.047503662E-1,2.030427622E0
3.102099458E0,-1.343306580E0,-7.071295166E-1,1.391057281E0,2.059015561E0
3.112058458E0,-1.880988464E0,1.026265869E0,2.425705719E0,3.236570326E0
3.122017458E0,-1.944606171E0,3.071013794E0,3.921096039E0,5.346738541E0
3.131976458E0,-1.822609863E0,5.512287140E0,5.485043793E0,7.987047116E0
3.141935458E0,-1.746418304E0,8.307723999E0,6.698121185E0,1.081356011E1
3.151894458E0,-1.674268341E0,1.076830719E1,7.876021729E0,1.344586674E1
3.161853458E0,-6.936575317E-1,1.317036209E1,8.454119568E0,1.566562275E1
3.171812458E0,-1.531315613E-1,1.572944046E1,7.841892700E0,1.757651921E1
3.181772458E0,7.893086243E-1,1.773407181E1,6.983128510E0,1.907575411E1
3.191731458E0,1.933678894E0,1.919293808E1,6.092929688E0,2.022947796E1
3.201690458E0,2.831362152E0,2.031964508E1,5.107828217E0,2.114224437E1
3.211649458E0,3.303031311E0,2.101479950E1,3.726051636E0,2.159664962E1
3.221608458E0,3.271596680E0,2.130130371E1,2.270029449E0,2.167030037E1
3.231567458E0,2.923570404E0,2.162552948E1,1.138981476E0,2.185195799E1
3.241526458E0,2.376009064E0,2.183314774E1,3.363505554E-1,2.196462817E1
3.251485458E0,2.242636414E0,2.244537460E1,5.370831299E-1,2.256352626E1
3.261444458E0,2.748284912E0,2.383343811E1,1.090482330E0,2.401614028E1
3.271403458E0,3.145708466E0,2.527763489E1,1.048270111E0,2.549417929E1
3.281363458E0,3.356470184E0,2.635434586E1,1.544488220E0,2.661208149E1
3.291322458E0,3.559298401E0,2.702809479E1,2.357896729E0,2.736322696E1
3.301281458E0,3.611090698E0,2.724783783E1,3.111130371E0,2.766159386E1
3.311240458E0,3.311713257E0,2.694681381E1,3.637435913E0,2.739213682E1
3.321199458E0,3.149001617E0,2.619313110E1,4.032913513E0,2.668821312E1
3.331158458E0,3.050955505E0,2.518258255E1,4.120930481E0,2.569927745E1
3.341117458E0,2.947370911E0,2.401516022E1,4.070784760E0,2.453540715E1
3.351076458E0,2.687660980E0,2.264580780E1,4.014501801E0,2.315539585E1
3.361035458E0,2.409988403E0,2.114053802E1,4.033362579E0,2.165637102E1
3.370995458E0,2.152673492E0,2.012804352E1,4.396806793E0,2.071482679E1
3.380954458E0,1.730401611E0,1.909713730E1,4.240831146E0,1.963872683E1
3.390913458E0,1.177900543E0,1.784693710E1,4.314178619E0,1.839871601E1
3.400872458E0,6.750961304E-1,1.653117325E1,4.450395355E0,1.713305176E1
3.410831458E0,1.971400452E-1,1.530297729E1,4.500541077E0,1.595226781E1
3.420790458E0,-2.433938599E-1,1.418360504E1,4.626578979E0,1.492109666E1
3.430749458E0,-6.273454285E-1,1.309491898E1,4.717739410E0,1.393296560E1
3.440708458E0,-7.569758606E-1,1.199949692E1,4.640649719E0,1.288784577E1
3.450667458E0,-7.394622803E-1,1.071516769E1,4.350253601E0,1.158819786E1
3.460626458E0,-4.781057739E-1,9.448501740E0,4.030518494E0,1.028337734E1
3.470586458E0,2.269281006E-1,8.202043762E0,3.353775787E0,8.864131670E0
3.480545458E0,4.234693909E-1,6.915169830E0,2.649041290E0,7.417298691E0
3.490504458E0,3.427871704E-1,5.735173645E0,1.919458466E0,6.057560613E0
3.500463458E0,2.526745605E-1,4.620142365E0,1.163530426E0,4.771096620E0
3.510422458E0,2.395019531E-3,3.540587311E0,5.510041809E-1,3.583206643E0
3.520381458E0,-2.212399292E-1,2.509980469E0,1.616638184E-2,2.519763960E0
3.530340458E0,-4.689747620E-1,1.544338531E0,-4.884342957E-1,1.686264181E0
3.540299458E0,-7.726931763E-1,7.191046143E-1,-1.082099762E0,1.511656735E0
3.550258458E0,-1.124761047E0,3.427871704E-2,-1.660796356E0,2.006117390E0
3.560217375E0,-1.348096619E0,-6.768923950E-1,-2.230960693E0,2.693089940E0
3.570177375E0,-1.506167908E0,-1.393003235E0,-2.787802734E0,3.461335561E0
3.580136375E0,-1.714684296E0,-2.025887146E0,-3.359613647E0,4.281514314E0
3.590095375E0,-1.846410370E0,-2.604733429E0,-4.012855225E0,5.128047830E0
3.600054375E0,-1.949994965E0,-3.205733643E0,-4.609963531E0,5.943986231E0
3.610013375E0,-2.056723022E0,-3.734134827E0,-5.134323120E0,6.673465846E0
3.619972375E0,-2.102078705E0,-4.117038574E0,-5.674400024E0,7.318986073E0
3.629931375E0,-2.074386292E0,-4.380939789E0,-6.260880432E0,7.917975480E0
3.639890375E0,-2.074535980E0,-4.580624542E0,-6.715185699E0,8.389251439E0
3.649849375E0,-2.088157654E0,-4.743934937E0,-7.033573608E0,8.737074955E0
3.659808375E0,-2.168241119E0,-4.771627350E0,-7.285050659E0,8.974500556E0
3.669767375E0,-2.183659058E0,-4.736899567E0,-7.360942841E0,9.021644190E0
3.679727375E0,-2.139051819E0,-4.615352325E0,-7.335795135E0,8.926976534E0
3.689686375E0,-2.041305084E0,-4.374054108E0,-7.435038757E0,8.864484029E0
3.699645375E0,-1.706601105E0,-4.054169312E0,-7.463629303E0,8.663402248E0
3.709604375E0,-1.302591248E0,-3.720363464E0,-7.442223816E0,8.421671069E0
3.719563375E0,-9.613009644E-1,-3.407364349E0,-7.529043274E0,8.319899277E0
3.729522375E0,-4.827461243E-1,-3.050356750E0,-7.487729187E0,8.099617800E0
3.739481375E0,-8.367599487E-2,-2.680924988E0,-7.346572723E0,7.820900923E0
3.749440375E0,1.977388000E-1,-2.381248169E0,-6.992858276E0,7.389824785E0
3.759399375E0,3.297642517E-1,-2.176324310E0,-6.331533508E0,6.703241644E0
3.769358375E0,2.130070496E-1,-1.990560608E0,-5.469625854E0,5.824475129E0
3.779318375E0,-4.475692749E-2,-1.648521881E0,-4.540208588E0,4.830436998E0
3.789277375E0,-2.709365845E-1,-1.213077393E0,-4.228107605E0,4.407023634E0
3.799236375E0,-3.839515686E-1,-1.129401398E0,-3.832180939E0,4.013549186E0
3.809195375E0,-2.338137817E-1,-1.196461945E0,-3.311862946E0,3.529111253E0
3.819154375E0,7.349716187E-2,-1.338217163E0,-2.707270203E0,3.020850701E0
3.829113375E0,-2.173480225E-1,-1.358574829E0,-2.322420502E0,2.699370800E0
3.839072375E0,-3.209326172E-1,-1.094673615E0,-1.989063721E0,2.292963705E0
3.849031375E0,-5.478607178E-2,-7.723937988E-1,-6.315367126E-1,9.992158493E-1
3.858990375E0,-2.377056885E-1,-9.415420532E-2,1.342258759E0,1.366392178E0
3.868949375E0,-1.092727661E0,1.357527008E0,4.384981384E0,4.718579771E0
3.878908375E0,-2.361489258E0,3.916006622E0,8.242010651E0,9.425628836E0
3.888868375E0,-3.191363525E0,7.759563904E0,1.146331192E1,1.420574367E1
3.898827375E0,-3.689976654E0,1.170954987E1,1.244811401E1,1.748385050E1
3.908786375E0,-2.751578064E0,1.417252808E1,1.207718536E1,1.882259653E1
3.918745375E0,-3.514691162E-1,1.609662689E1,1.239931549E1,2.032161294E1
3.928704375E0,1.788780212E-1,1.786100784E1,1.223869949E1,2.165256021E1
3.938663375E0,-7.035369873E-1,1.963736389E1,1.234872070E1,2.320801430E1
3.948622375E0,-1.748214569E0,2.148212769E1,1.302261932E1,2.518187201E1
3.958581375E0,-2.094444580E0,2.293261139E1,1.330119003E1,2.659347701E1
3.968540375E0,-1.963616638E0,2.390483963E1,1.264495468E1,2.711442470E1
3.978500375E0,-2.065554657E0,2.420900711E1,1.168634811E1,2.696132922E1
3.988459375E0,-2.467169495E0,2.403252411E1,1.136107452E1,2.669687537E1
3.998418375E0,-2.536924438E0,2.418071594E1,1.132275421E1,2.682065943E1
4.008377375E0,-1.542841644E0,2.500714737E1,1.071456894E1,2.724958289E1
4.018336375E0,-5.987548828E-3,2.598895569E1,1.022418869E1,2.792776196E1
4.028295375E0,1.497485962E0,2.691358292E1,1.033106644E1,2.886718454E1
4.038254375E0,2.484683075E0,2.735022491E1,1.018152740E1,2.928945123E1
4.048213375E0,2.874921570E0,2.718661514E1,1.022508682E1,2.918783338E1
4.058172375E0,2.910397797E0,2.649924454E1,1.044018951E1,2.863001805E1
4.068131375E0,2.878364410E0,2.508513519E1,1.039273819E1,2.730490792E1
4.078091375E0,2.063608704E0,2.306463684E1,9.980345764E0,2.521593256E1
4.088050375E0,1.290167084E0,2.088561813E1,9.413175201E0,2.294518344E1
4.098009375E0,5.571414185E-1,1.882814667E1,8.887917480E0,2.082797615E1
4.107968375E0,-2.171983337E-1,1.693099182E1,8.326285400E0,1.886882847E1
4.117927375E0,-8.104147339E-1,1.528561340E1,7.690707092E0,1.713049108E1
4.127886375E0,-1.126257935E0,1.388422760E1,7.068151703E0,1.562046739E1
4.137845375E0,-1.148262177E0,1.264794846E1,6.447991333E0,1.424309301E1
4.147804375E0,-9.840536499E-1,1.149489624E1,5.833968201E0,1.292811611E1
4.157763375E0,-7.857160950E-1,1.035217255E1,5.313051453E0,1.166247581E1
4.167722375E0,-8.134085083E-1,9.232500916E0,4.692292328E0,1.038837398E1
4.177682375E0,-8.843609619E-1,8.216563568E0,4.235592041E0,9.286239880E0
4.187641375E0,-9.189390564E-1,7.243586884E0,3.945495300E0,8.299453783E0
4.197600375E0,-8.075706482E-1,6.218069458E0,3.672912140E0,7.266831615E0
4.207559375E0,-1.003213806E0,5.000651093E0,3.203937378E0,6.023135729E0
4.217518375E0,-1.573976898E0,3.819906464E0,2.238744507E0,4.699049439E0
4.227477375E0,-2.066452789E0,2.839445343E0,1.269659729E0,3.734262017E0
4.237436375E0,-2.316882019E0,1.930086365E0,6.530918884E-1,3.085401867E0
4.247395375E0,-2.335144043E0,1.029708710E0,9.580078125E-3,2.552114713E0
4.257354375E0,-2.154619446E0,2.285746765E-1,-8.310717773E-1,2.320627423E0
4.267313375E0,-1.856888580E0,-4.584965515E-1,-1.730700989E0,2.579453469E0
4.277273375E0,-1.481319580E0,-1.118474121E0,-2.384241943E0,3.021572720E0
4.287232375E0,-1.083896027E0,-1.795516205E0,-2.887794800E0,3.569042987E0
4.297191375E0,-8.921447754E-1,-2.495161285E0,-3.624712372E0,4.490021372E0
4.307150375E0,-9.692344666E-1,-2.920277252E0,-4.510869598E0,5.460346071E0
4.317109375E0,-1.023272095E0,-3.021466827E0,-5.103487244E0,6.018465719E0
4.327068375E0,-1.185235291E0,-3.171454926E0,-5.320086823E0,6.306047323E0
4.337027375E0,-1.327888641E0,-3.464545441E0,-5.350922699E0,6.511431262E0
4.346986375E0,-1.310225372E0,-3.629652100E0,-5.234464874E0,6.503129048E0
4.356945375E0,-1.276994476E0,-3.674858093E0,-5.255570984E0,6.538831950E0
4.366904375E0,-1.143322449E0,-3.584296417E0,-5.381010132E0,6.565792950E0
4.376864375E0,-9.295669556E-1,-3.432661743E0,-5.295088806E0,6.378497224E0
4.386823375E0,-6.048921204E-1,-3.284769287E0,-5.220693512E0,6.197680574E0
4.396782375E0,-2.809657288E-1,-3.133433990E0,-5.159171448E0,6.042714650E0
4.406741375E0,-9.160949707E-2,-2.950364685E0,-5.164410553E0,5.948460342E0
4.416700375E0,1.905537415E-1,-2.738555145E0,-5.248834991E0,5.923365916E0
4.426659375E0,4.436773682E-1,-2.634371796E0,-5.329517212E0,5.961586876E0
4.436618375E0,5.110372925E-1,-2.498005371E0,-5.319039001E0,5.898590158E0
4.446577375E0,5.177732849E-1,-2.378104706E0,-5.179080048E0,5.722441901E0
4.456536375E0,4.411326599E-1,-2.319726105E0,-5.021457825E0,5.548942774E0
4.466495375E0,4.312532043E-1,-2.314487000E0,-4.826712799E0,5.370287315E0
4.476455375E0,5.086422729E-1,-2.309846649E0,-4.672683105E0,5.237182058E0
4.486414375E0,3.589535522E-1,-2.335443420E0,-4.429139557E0,5.020002075E0
4.496373375E0,2.329156494E-1,-2.408641205E0,-3.927981720E0,4.613549885E0
4.506332375E0,2.438429260E-1,-2.483186188E0,-3.416794739E0,4.230857987E0
4.516291375E0,1.878593445E-1,-2.444716187E0,-2.868784332E0,3.773837823E0
4.526250375E0,2.920426941E-1,-2.062111816E0,-2.049388275E0,2.921914848E0
4.536209375E0,5.897735596E-1,-1.406325531E0,-1.072968750E0,1.864630336E0
4.546168375E0,8.768765259E-1,-3.679348755E-1,3.088078308E-1,9.998253801E-1
4.556127375E0,1.276545410E0,1.124311981E0,9.553134155E-1,1.950966257E0
4.566086333E0,1.292262726E0,2.566413116E0,1.697769470E0,3.337490136E0
4.576046333E0,9.912387085E-1,3.680396576E0,3.400478668E0,5.107947563E0
4.586005333E0,-2.466870117E-1,5.038073273E0,6.063890076E0,7.887572480E0
4.595964333E0,-2.652633820E0,7.135361938E0,8.678053894E0,1.154376349E1
4.605923333E0,-4.893773346E0,9.995464325E0,1.028885422E1,1.515647867E1
4.615882333E0,-5.041965179E0,1.274075546E1,1.123339005E1,1.771827629E1
4.625841333E0,-3.607947235E0,1.506003250E1,1.133218460E1,1.918958754E1
4.635800333E0,-1.455423431E0,1.779005539E1,1.107172623E1,2.100446262E1
4.645759333E0,3.106040955E-1,2.079176331E1,1.073851913E1,2.340319827E1
4.655718333E0,1.959874420E0,2.327105759E1,1.064137115E1,2.566363203E1
4.665677333E0,2.738106079E0,2.538361450E1,1.181687668E1,2.813296437E1
4.675637333E0,2.375260620E0,2.723271927E1,1.339564362E1,3.044184833E1
4.685596333E0,1.792522430E0,2.870745255E1,1.450259171E1,3.221267040E1
4.695555333E0,1.535057831E0,2.977383499E1,1.509191620E1,3.341561891E1
4.705514333E0,1.701362000E0,3.048829926E1,1.508652740E1,3.405927676E1
4.715473333E0,2.045496368E0,3.075728989E1,1.448552719E1,3.405914612E1
4.725432333E0,2.191891937E0,3.059278198E1,1.384066818E1,3.364946947E1
4.735391333E0,2.329156494E0,3.015509216E1,1.365400635E1,3.318412938E1
4.745350333E0,2.678380280E0,2.933988739E1,1.342797638E1,3.237766611E1
4.755309333E0,3.181334381E0,2.816108871E1,1.284957916E1,3.111718963E1
4.765269333E0,3.210673370E0,2.657917831E1,1.196222443E1,2.932330057E1
4.775228333E0,2.960393829E0,2.466615646E1,1.101349731E1,2.717499456E1
4.785187333E0,2.397115173E0,2.256482620E1,1.001193008E1,2.480234438E1
4.795146333E0,1.730401611E0,2.050346283E1,9.143136749E0,2.251628805E1
4.805105333E0,1.038690033E0,1.862756378E1,8.499475250E0,2.050136798E1
4.815064333E0,4.409829712E-1,1.700868027E1,8.094716949E0,1.884181820E1
4.825023333E0,2.308200073E-1,1.564321976E1,7.678133240E0,1.742748784E1
4.834982333E0,-9.131011963E-3,1.448283279E1,7.172484741E0,1.616159233E1
4.844941333E0,-4.144880676E-1,1.344968124E1,6.719676361E0,1.504060425E1
4.854900333E0,-9.358538818E-1,1.234303253E1,6.443201294E0,1.395496748E1
4.864860333E0,-1.214424591E0,1.120285355E1,6.311774597E0,1.291577536E1
4.874819333E0,-1.304537201E0,1.021445892E1,6.114484863E0,1.197597234E1
4.884778333E0,-1.266815643E0,9.261690216E0,5.618566132E0,1.090651241E1
4.894737333E0,-1.020877075E0,8.379724274E0,4.982838135E0,9.802583577E0
4.904696333E0,-7.668553162E-1,7.589667206E0,4.155209198E0,8.686591901E0
4.914655333E0,-7.039860535E-1,6.809788971E0,3.523223419E0,7.699475661E0
4.924614333E0,-1.000968475E0,5.831872559E0,3.151995392E0,6.704308345E0
4.934573333E0,-1.366658020E0,4.734055481E0,2.920726318E0,5.727973260E0
4.944532333E0,-1.676363983E0,3.609743500E0,2.556533661E0,4.730360314E0
4.954491333E0,-1.642684021E0,2.574196930E0,2.082768860E0,3.696326115E0
4.964451333E0,-1.526824951E0,1.577270050E0,1.622026978E0,2.729459060E0
4.974410333E0,-1.589843903E0,7.396119690E-1,9.154962158E-1,1.978070479E0
4.984369333E0,-1.463356934E0,5.673202515E-2,2.649490356E-1,1.488230503E0
4.994328333E0,-1.359023895E0,-7.216493225E-1,-2.781216431E-1,1.563673668E0
5.004287333E0,-1.419049072E0,-1.404080200E0,-8.484356689E-1,2.169097638E0
5.014246333E0,-1.418450317E0,-1.885030060E0,-1.263821869E0,2.676300683E0
5.024205333E0,-1.377585297E0,-2.367177429E0,-1.408720551E0,3.079896722E0
5.034164333E0,-1.300196228E0,-2.799628143E0,-1.721420288E0,3.534362146E0
5.044123333E0,-1.108295288E0,-3.046764221E0,-2.214644623E0,3.926288511E0
5.054082333E0,-8.313711548E-1,-3.229683838E0,-2.642754364E0,4.255136463E0
5.064042333E0,-6.128256226E-1,-3.459156647E0,-3.027154999E0,4.637347015E0
5.074001333E0,-3.811074829E-1,-3.648512878E0,-3.420387268E0,5.015569579E0
5.083960333E0,-1.836680603E-1,-3.828289032E0,-3.913012848E0,5.477335156E0
5.093919333E0,-9.639953613E-2,-4.034709778E0,-4.302203522E0,5.898909306E0
5.103878333E0,-1.257385254E-1,-4.151167603E0,-4.557123413E0,6.165661071E0
5.113837333E0,-2.580633545E-1,-4.187092896E0,-4.790787506E0,6.367887290E0
5.123796333E0,-3.580554199E-1,-4.149970093E0,-4.915178833E0,6.442781885E0
5.133755333E0,-2.866539001E-1,-4.063300323E0,-4.997657318E0,6.447414881E0
5.143714333E0,-1.167572021E-1,-3.928879852E0,-5.169949036E0,6.494467043E0
5.153673333E0,9.250762939E-2,-3.740122375E0,-5.492677917E0,6.645794441E0
5.163632333E0,4.531077576E-1,-3.564986572E0,-5.813011780E0,6.834145291E0
5.173592333E0,6.110293579E-1,-3.420237579E0,-6.100713501E0,7.020689937E0
5.183551333E0,7.602690125E-1,-3.309168549E0,-6.228547668E0,7.093899598E0
5.193510333E0,8.482859802E-1,-3.275338898E0,-6.053860931E0,6.935176002E0
5.203469333E0,8.400531006E-1,-3.325783997E0,-5.731431427E0,6.679508560E0
5.213428333E0,6.938072205E-1,-3.417992249E0,-5.266947327E0,6.317022527E0
5.223387333E0,5.728587341E-1,-3.545077972E0,-4.399800568E0,5.679259634E0
5.233346333E0,4.317022705E-1,-3.516786804E0,-3.226989441E0,4.792454186E0
5.243305333E0,2.418969727E-1,-3.034789124E0,-1.909579010E0,3.593737771E0
5.253264333E0,4.095483398E-1,-2.140848083E0,-4.478686523E-1,2.225207111E0
5.263223333E0,9.788145447E-1,-1.105451202E0,5.571414185E-1,1.578133972E0
5.273183333E0,1.381028137E0,5.490582275E-1,2.049088898E0,2.531297881E0
5.283142333E0,2.006876678E0,2.616259460E0,3.315754852E0,4.676173415E0
5.293101333E0,1.884730682E0,3.612886963E0,4.723726959E0,6.238490069E0
5.303060333E0,8.907975769E-1,4.054019623E0,6.299949188E0,7.544398929E0
5.313019333E0,-6.288423157E-1,4.650678864E0,7.750881958E0,9.060928632E0
5.322978333E0,-1.964514771E0,5.796546021E0,9.729168091E0,1.149417138E1
5.332937333E0,-1.724414063E0,7.579188995E0,1.095871124E1,1.343544051E1
5.342896333E0,-4.763095093E-1,9.394464111E0,1.102397552E1,1.449175155E1
5.352855333E0,6.580316162E-1,1.134041748E1,1.144220581E1,1.612334171E1
5.362814333E0,1.203796692E0,1.343740677E1,1.189800797E1,1.798820782E1
5.372774333E0,1.965712280E0,1.548814224E1,1.203123093E1,1.971032959E1
5.382733333E0,3.292403412E0,1.744951355E1,1.220501953E1,2.154734195E1
5.392692333E0,4.725972290E0,1.960533051E1,1.267773651E1,2.382076408E1
5.402651333E0,5.728437653E0,2.189646606E1,1.349997665E1,2.635373965E1
5.412610333E0,6.940317535E0,2.362596954E1,1.453028412E1,2.859167013E1
5.422569333E0,7.595505066E0,2.477947083E1,1.538261169E1,3.013865648E1
5.432528333E0,7.340136108E0,2.566248459E1,1.536030807E1,3.079577532E1
5.442487333E0,6.602619781E0,2.608999557E1,1.542572205E1,3.101991873E1
5.452446333E0,5.574857025E0,2.571487564E1,1.570833435E1,3.064450404E1
5.462406333E0,5.000800781E0,2.525428345E1,1.598046844E1,3.030119160E1
5.472365333E0,4.874912567E0,2.493020737E1,1.587912918E1,2.995708189E1
5.482324333E0,5.355563049E0,2.492197449E1,1.534848267E1,2.975504643E1
5.492283333E0,5.940396881E0,2.503768387E1,1.440664124E1,2.949110443E1
5.502242333E0,6.380182343E0,2.493125519E1,1.341210938E1,2.901997398E1
5.512201333E0,6.698869629E0,2.444746124E1,1.268372406E1,2.834484206E1
5.522160333E0,6.844965820E0,2.365021912E1,1.209739334E1,2.743234126E1
5.532119333E0,6.705156555E0,2.262051041E1,1.165102158E1,2.631336009E1
5.542078333E0,6.513255615E0,2.141671371E1,1.131257538E1,2.508131748E1
5.552037333E0,5.990841980E0,2.010963181E1,1.078701828E1,2.359337285E1
5.561997958E0,5.191354523E0,1.874132721E1,1.027777725E1,2.199591354E1
5.571956958E0,4.233197021E0,1.727198273E1,9.678273926E0,2.024624238E1
5.581915958E0,3.250939636E0,1.583976105E1,9.148226166E0,1.857839284E1
5.591874958E0,2.447859650E0,1.458566895E1,8.809630280E0,1.721462579E1
5.601833958E0,1.675914917E0,1.337004684E1,8.145760803E0,1.574548388E1
5.611792958E0,1.235530701E0,1.230126938E1,7.682474213E0,1.455569217E1
5.621751958E0,1.100810852E0,1.142633881E1,7.361541595E0,1.363690939E1
5.631710958E0,7.758366394E-1,1.052745804E1,6.670728149E0,1.248710972E1
5.641669958E0,6.888674927E-1,9.606123962E0,6.068829803E0,1.138344637E1
5.651629958E0,5.870791626E-1,8.458460541E0,5.620661774E0,1.017261301E1
5.661588958E0,2.639012146E-1,7.093449097E0,4.798870697E0,8.568303444E0
5.671547958E0,-9.744735718E-2,5.588179321E0,4.178710327E0,6.978457144E0
5.681506958E0,-6.815327454E-1,4.151616669E0,3.666924591E0,5.580926787E0
5.691465958E0,-1.106798401E0,3.151246948E0,3.007396088E0,4.494417788E0
5.701424958E0,-1.236129456E0,2.598596191E0,2.175725555E0,3.607561488E0
5.711383958E0,-1.239871674E0,2.158511353E0,1.470991058E0,2.891412755E0
5.721342958E0,-1.232087860E0,1.637893982E0,9.201365662E-1,2.246639377E0
5.731301958E0,-1.180445251E0,1.031654663E0,4.311035156E-1,1.625918995E0
5.741260958E0,-1.103804626E0,4.900808716E-1,-3.442840576E-2,1.208200823E0
5.751219958E0,-4.471202087E-1,6.107299805E-2,-5.575904846E-1,7.173238743E-1
5.761179958E0,1.962419128E-1,-6.608757019E-1,-1.065334625E0,1.268938708E0
5.771138958E0,-5.418731689E-2,-1.434017944E0,-1.691482544E0,2.218210298E0
5.781097958E0,-3.776646423E-1,-1.942061462E0,-2.043101349E0,2.844028204E0
5.791056958E0,-7.346722412E-1,-2.286046143E0,-2.175126801E0,3.239896120E0
5.801015958E0,-8.741821289E-1,-2.547103271E0,-2.258952484E0,3.514938946E0
5.810974958E0,-9.442364502E-1,-2.819985809E0,-2.630779266E0,3.970503997E0
5.820933958E0,-1.066532135E0,-2.976709900E0,-3.217559052E0,4.511205922E0
5.830892958E0,-1.161434784E0,-3.052452393E0,-3.470383301E0,4.765496472E0
5.840851958E0,-1.215771790E0,-3.102298737E0,-3.477568359E0,4.816205995E0
5.850810958E0,-1.177301788E0,-3.089126129E0,-3.553759918E0,4.853653191E0
5.860770958E0,-1.134640503E0,-2.990780640E0,-3.581452332E0,4.801976542E0
5.870729958E0,-1.088087311E0,-2.846480713E0,-3.534150696E0,4.666541287E0
5.880688958E0,-8.590635681E-1,-2.727029114E0,-3.487896881E0,4.510000294E0
5.890647958E0,-4.323010254E-1,-2.546504517E0,-3.404520264E0,4.273444472E0
5.900606958E0,-1.930984497E-1,-2.326013031E0,-3.586990814E0,4.279500757E0
5.910565958E0,-8.532257080E-2,-2.116299133E0,-3.841012573E0,4.386271714E0
5.920524958E0,2.044747925E-1,-2.020947418E0,-3.762126617E0,4.275468991E0
5.930483958E0,5.902226257E-1,-1.839674377E0,-3.524420929E0,4.019242148E0
5.940442958E0,8.758287048E-1,-1.517244873E0,-3.350482635E0,3.780851996E0
5.950401958E0,7.309300232E-1,-1.373094635E0,-2.911445618E0,3.300933680E0
5.960361958E0,2.719844055E-1,-1.210382996E0,-1.918410645E0,2.284579155E0
5.970320958E0,-3.556604004E-1,-8.021818542E-1,-1.414857788E0,1.664876154E0
5.980279958E0,-1.059047699E0,-5.676196289E-1,-7.694000244E-1,1.426797277E0
5.990238958E0,-1.330732727E0,-1.818717957E-1,4.376898193E-1,1.412621435E0
6.000197958E0,-8.264314270E-1,6.036946106E-1,9.617500305E-1,1.404421307E0
6.010156958E0,-2.748284912E-1,1.290915527E0,1.152453461E0,1.752182233E0
6.020115958E0,5.882766724E-2,1.787433014E0,1.594933319E0,2.396286662E0
6.030074958E0,2.556683350E-1,2.437231750E0,1.778751068E0,3.028105062E0
6.040033958E0,-5.388793945E-2,3.389252014E0,1.778601379E0,3.827970218E0
6.049993958E0,-8.220904541E-1,4.616250458E0,2.512824554E0,5.319763928E0
6.059952958E0,-1.592987366E0,6.235283661E0,3.571722565E0,7.360269911E0
6.069911958E0,-1.307530975E0,7.999963989E0,4.435875549E0,9.240457400E0
6.079870958E0,-6.391708374E-2,9.474248199E0,5.027445374E0,1.072570144E1
6.089829958E0,1.425785065E0,1.121123611E1,5.486091614E0,1.256271784E1
6.099788958E0,1.989213409E0,1.326197159E1,5.285658417E0,1.441440409E1
6.109747958E0,1.454375610E0,1.520493118E1,5.951623535E0,1.639289369E1
6.119706958E0,1.072819061E0,1.751971756E1,7.954159241E0,1.927070557E1
6.129665958E0,1.025367737E0,1.980321899E1,9.144184570E0,2.183655131E1
6.139624958E0,1.601369934E0,2.191697342E1,1.073732162E1,2.445829481E1
6.149584958E0,2.274669800E0,2.397594177E1,1.216041229E1,2.697953917E1
6.159543958E0,3.069367218E0,2.593731308E1,1.272249344E1,2.905214388E1
6.169502958E0,3.323388977E0,2.753434204E1,1.314207092E1,3.069037201E1
6.179461958E0,3.488645325E0,2.858530655E1,1.354039261E1,3.182188914E1
6.189420958E0,3.664828949E0,2.922777054E1,1.382330429E1,3.253885805E1
6.199379958E0,3.735631714E0,2.962758911E1,1.392299698E1,3.294842676E1
6.209338958E0,3.848646698E0,2.951083191E1,1.361059662E1,3.272536664E1
6.219297958E0,4.470753021E0,2.908391968E1,1.319341415E1,3.224791766E1
6.229256958E0,5.102738800E0,2.856569733E1,1.253493347E1,3.160951699E1
6.239215958E0,5.271437988E0,2.781351151E1,1.174053543E1,3.064669073E1
6.249175958E0,5.135520630E0,2.657947769E1,1.109926895E1,2.925809252E1
6.259134958E0,4.840484161E0,2.494697250E1,1.052251831E1,2.750463807E1
6.269093958E0,4.332740021E0,2.314082840E1,9.939630432E0,2.555517224E1
6.279052958E0,3.727847900E0,2.125684616E1,9.388177185E0,2.353483014E1
6.289011958E0,2.946921844E0,1.934292618E1,8.742120667E0,2.143030133E1
6.298970958E0,2.335443420E0,1.749172577E1,8.083789673E0,1.941036893E1
6.308929958E0,1.867815857E0,1.579560287E1,7.514523468E0,1.759141464E1
6.318888958E0,1.243464203E0,1.430784668E1,6.944209442E0,1.595251468E1
6.328847958E0,6.265969849E-1,1.298579590E1,6.364914093E0,1.447534629E1
6.338807958E0,2.008822632E-1,1.175071426E1,5.864953766E0,1.313458496E1
6.348766958E0,-4.715194702E-2,1.064391586E1,5.423072662E0,1.194591501E1
6.358725958E0,-2.168989563E-1,9.695787506E0,4.893773346E0,1.086298109E1
6.368684958E0,-3.085084534E-1,8.787626038E0,4.463867340E0,9.861220030E0
6.378643958E0,-3.646417236E-1,7.823331299E0,4.037553864E0,8.811317575E0
6.388602958E0,-4.004173279E-1,6.903494110E0,3.561094666E0,7.778172033E0
6.398561958E0,-2.885998535E-1,5.999074860E0,3.231480103E0,6.820165152E0
6.408520958E0,-3.832031250E-1,4.946164398E0,2.699486389E0,5.647885769E0
6.418479958E0,-4.770579529E-1,3.923640747E0,2.019600220E0,4.438617583E0
6.428438958E0,-3.715274048E-1,3.100502472E0,1.490450592E0,3.460143228E0
6.438398958E0,-1.568737793E-1,2.319277039E0,1.165775757E0,2.600516964E0
6.448357958E0,-2.098635864E-1,1.460063782E0,8.135581970E-1,1.684549172E0
6.458316958E0,-4.162843323E-1,6.541397095E-1,2.781216431E-1,8.237372476E-1
6.468275958E0,-5.423222351E-1,4.340972900E-2,-4.408332825E-1,7.002369557E-1
6.478234958E0,-6.280938721E-1,-5.285508728E-1,-9.894424438E-1,1.285637697E0
6.488193958E0,-6.397695923E-1,-1.021176453E0,-1.293160858E0,1.767589173E0
6.498152958E0,-4.297563171E-1,-1.415905609E0,-1.380728760E0,2.023830797E0
6.508111958E0,-4.004173279E-1,-1.816622314E0,-1.634451141E0,2.476263557E0
6.518070958E0,-4.269122314E-1,-2.010918274E0,-2.100432129E0,2.939023900E0
6.528029958E0,-3.511697388E-1,-2.134112091E0,-2.321222992E0,3.172669346E0
6.537989958E0,-3.372486877E-1,-2.350711670E0,-2.365381165E0,3.351806988E0
6.547948958E0,-3.011737061E-1,-2.545756073E0,-2.478396149E0,3.565673436E0
6.557907958E0,-2.498304749E-1,-2.657723236E0,-2.813998260E0,3.878723279E0
6.567865958E0,-2.812651062E-1,-2.724035339E0,-3.159779205E0,4.181349449E0
6.577824958E0,-3.475772095E-1,-2.818788300E0,-3.443738708E0,4.463822766E0
6.587783958E0,-3.579057312E-1,-2.976410522E0,-3.929029541E0,4.942103727E0
6.597742958E0,-2.249821472E-1,-3.049608307E0,-4.387077026E0,5.347632432E0
6.607701958E0,-1.945953369E-3,-3.049159241E0,-4.776267700E0,5.666578245E0
6.617660958E0,1.570234680E-1,-2.963237915E0,-5.189258881E0,5.977779106E0
6.627619958E0,2.588117981E-1,-2.916085968E0,-5.451513519E0,6.187854278E0
6.637579958E0,4.058061218E-1,-2.799328766E0,-5.509443054E0,6.193131915E0
6.647538958E0,5.637277222E-1,-2.672392731E0,-5.371430054E0,6.025921728E0
6.657497958E0,5.909710693E-1,-2.654430084E0,-5.041965179E0,5.728582612E0
6.667456958E0,3.914360046E-1,-2.636916504E0,-4.851261749E0,5.535457646E0
6.677415958E0,1.442999268E-1,-2.534679108E0,-4.349205780E0,5.035971760E0
6.687374958E0,-1.453477478E-1,-2.375260620E0,-3.557352448E0,4.279923529E0
6.697333958E0,-4.219725037E-1,-2.132016449E0,-2.669099579E0,3.442041181E0
6.707292958E0,-8.469387817E-1,-1.583257599E0,-1.311123505E0,2.223298174E0
6.717251958E0,-1.257235565E0,-7.384144592E-1,1.713935852E-1,1.468084787E0
6.727210958E0,-1.517095184E0,2.802172852E-1,1.271605682E0,1.999270001E0
6.737170958E0,-1.334175568E0,1.495839386E0,1.718127136E0,2.639984994E0
6.747129958E0,-5.640270996E-1,2.782114563E0,1.934876404E0,3.435408958E0
6.757088958E0,2.945874023E-1,3.816763000E0,2.159259796E0,4.395095495E0
6.767047958E0,1.039139099E0,4.656067657E0,2.762355652E0,5.512656786E0
6.777006958E0,1.603016510E0,5.456453247E0,3.924987946E0,6.909998143E0
6.786965958E0,1.747017059E0,6.626420288E0,5.398972778E0,8.724128696E0
6.796924958E0,1.384171600E0,8.399034119E0,6.402186584E0,1.065118295E1
6.806883958E0,1.773212585E0,1.032462982E1,6.525230713E0,1.234183535E1
6.816842958E0,2.691852264E0,1.203676941E1,6.739584961E0,1.405531543E1
6.826801958E0,3.661984863E0,1.372750351E1,7.400610352E0,1.601947313E1
6.836761958E0,3.787424011E0,1.552810913E1,8.103099518E0,1.792001606E1
6.846720958E0,3.425925751E0,1.764380951E1,9.349856873E0,2.025983230E1
6.856679958E0,3.258873138E0,2.009885422E1,1.114342712E1,2.321120770E1
6.866638958E0,3.631598053E0,2.227847168E1,1.253403534E1,2.581900166E1
6.876597958E0,4.425247650E0,2.380978729E1,1.305450302E1,2.751197624E1
6.886556958E0,5.291196899E0,2.480746262E1,1.291020309E1,2.846190981E1
6.896515958E0,5.613027649E0,2.558464645E1,1.267713776E1,2.909965696E1
6.906474958E0,5.019511871E0,2.579316284E1,1.253313721E1,2.911292285E1
6.916433958E0,4.216581573E0,2.569631424E1,1.289433609E1,2.905759847E1
6.926393958E0,3.791166229E0,2.546145264E1,1.317619995E1,2.891834637E1
6.936352958E0,3.737727356E0,2.534454575E1,1.312321014E1,2.878428824E1
6.946311958E0,3.805236969E0,2.537837540E1,1.293834457E1,2.873921583E1
6.956270958E0,3.949237518E0,2.529320251E1,1.276889694E1,2.860746930E1
6.966229958E0,3.925287323E0,2.495071472E1,1.258328293E1,2.821852326E1
6.976188958E0,3.561543732E0,2.437950256E1,1.232731522E1,2.755008964E1
6.986147958E0,3.185525665E0,2.358046417E1,1.219454132E1,2.673747749E1
6.996106958E0,2.890489197E0,2.246273849E1,1.188199127E1,2.557559902E1
7.006065958E0,2.697989502E0,2.111598907E1,1.136331985E1,2.413066887E1
7.016024958E0,2.399210815E0,1.961401245E1,1.073522598E1,2.248801400E1
7.025984958E0,1.864971771E0,1.803674240E1,9.875713348E0,2.064780643E1
7.035943958E0,1.331181793E0,1.653027512E1,9.165440369E0,1.894801672E1
7.045902958E0,8.878038025E-1,1.515882706E1,8.585995331E0,1.744412649E1
7.055861958E0,5.986051941E-1,1.402089340E1,7.881410522E0,1.609535373E1
7.065820958E0,4.445755005E-1,1.314147217E1,7.178172913E0,1.498072443E1
7.075779958E0,3.594026184E-1,1.236054611E1,6.752158813E0,1.408914189E1
7.085738958E0,1.586700439E-1,1.157557846E1,6.418203278E0,1.323678685E1
7.095697958E0,-6.212081909E-2,1.084599564E1,6.040987701E0,1.241503173E1
7.105656958E0,-1.718426514E-1,1.016072067E1,5.767506409E0,1.168477234E1
7.115616958E0,-2.100132751E-1,9.503138123E0,5.566474457E0,1.101541545E1
7.125575958E0,-1.360670471E-1,8.801397400E0,5.239105225E0,1.024359966E1
7.135534958E0,-1.059796143E-1,7.932903442E0,4.847369843E0,9.297267507E0
7.145493958E0,-3.607498169E-2,6.966363373E0,4.580025787E0,8.337155166E0
7.155452958E0,-1.383123779E-1,5.909261627E0,4.110003204E0,7.199349251E0
7.165411958E0,-3.025209045E-1,4.948559418E0,3.306174774E0,5.959072985E0
7.175370958E0,-3.969744873E-1,4.076023865E0,2.547252960E0,4.822868123E0
7.185329958E0,-2.835104370E-1,3.325484619E0,1.999990997E0,3.890911218E0
7.195288958E0,-2.597099304E-1,2.506837006E0,1.425635376E0,2.895534017E0
7.205247958E0,-3.302133179E-1,1.593586121E0,8.527766418E-1,1.837331097E0
7.215207958E0,-5.053491211E-1,7.340734863E-1,3.267704773E-1,9.492210292E-1
7.225166958E0,-6.240522766E-1,2.245330811E-3,-1.628613281E-1,6.449574386E-1
7.235125958E0,-6.448590088E-1,-6.622229004E-1,-5.619314575E-1,1.081734382E0
7.245084958E0,-6.908134460E-1,-1.284778290E0,-9.812095642E-1,1.758024653E0
7.255043958E0,-7.415579224E-1,-1.879790955E0,-1.334924011E0,2.421888581E0
7.265002958E0,-8.065228271E-1,-2.437680817E0,-1.926942902E0,3.210276589E0
7.274961958E0,-7.523355103E-1,-3.003055115E0,-2.608475647E0,4.048270488E0
7.284920958E0,-6.167175293E-1,-3.579656067E0,-3.342698822E0,4.936386683E0
7.294879958E0,-4.496649170E-1,-3.968547363E0,-3.950734406E0,5.617817108E0
7.304838958E0,-4.135899353E-1,-4.215234375E0,-4.511468353E0,6.188101823E0
7.314798958E0,-4.390370178E-1,-4.441563721E0,-5.003644867E0,6.704976043E0
7.324757958E0,-4.691244507E-1,-4.614603882E0,-5.305716705E0,7.047359541E0
7.334716958E0,-4.721182251E-1,-4.705315247E0,-5.442532196E0,7.209996109E0
7.344675958E0,-4.692741394E-1,-4.727768555E0,-5.486390991E0,7.257582231E0
7.354634958E0,-5.044509888E-1,-4.722978516E0,-5.684129791E0,7.407450867E0
7.364593958E0,-4.477189636E-1,-4.652175751E0,-5.793851624E0,7.443917525E0
7.374552958E0,-2.510279846E-1,-4.488865356E0,-5.813610535E0,7.349217284E0
7.384511958E0,-4.730163574E-2,-4.324806519E0,-5.893843689E0,7.310511767E0
7.394470958E0,2.014810181E-1,-4.178410950E0,-5.868695984E0,7.207031651E0
7.404429958E0,3.980223083E-1,-4.062701569E0,-5.675148468E0,6.990799377E0
7.414389958E0,3.951782227E-1,-3.926335144E0,-5.460494843E0,6.737156479E0
7.424348958E0,4.318519592E-1,-3.673510895E0,-4.995411987E0,6.215731601E0
7.434307958E0,3.743714905E-1,-3.390449524E0,-4.113745422E0,5.343987592E0
7.444266958E0,3.237767029E-1,-2.974015503E0,-3.170407104E0,4.359022915E0
7.454225958E0,3.764671326E-1,-2.367027740E0,-2.379002838E0,3.377010857E0
7.464184958E0,5.969586182E-1,-1.636397095E0,-1.297202454E0,2.171840061E0
7.474143958E0,7.086264038E-1,-9.189390564E-1,-3.659889221E-1,1.216777819E0
7.484102958E0,9.840536499E-1,-8.846603394E-2,5.114863586E-1,1.112567355E0
7.494061958E0,1.243763580E0,8.957373047E-1,1.832489319E0,2.388997754E0
7.504021958E0,1.246907043E0,2.083816681E0,3.338208160E0,4.128038621E0
7.513980958E0,1.080153809E0,3.421884155E0,4.916675720E0,6.086848409E0
7.523939958E0,7.063810730E-1,4.819078674E0,6.567891998E0,8.176778020E0
7.533898958E0,4.481680298E-1,6.459367676E0,7.906109161E0,1.021914123E1
7.543857958E0,5.897735596E-2,8.025860138E0,9.150471497E0,1.217164894E1
7.553816958E0,-3.992198181E-1,9.320517883E0,9.905052338E0,1.360667086E1
7.563776958E0,-6.878196716E-1,1.053584061E1,1.046533722E1,1.486607939E1
7.573735958E0,-5.715115356E-1,1.144609772E1,1.102068237E1,1.589953516E1
7.583694958E0,-1.067280579E-1,1.211221252E1,1.093670700E1,1.631957852E1
7.593653958E0,8.119116211E-1,1.256546997E1,1.116947296E1,1.683173676E1
7.603613958E0,1.610500946E0,1.304821609E1,1.096993790E1,1.712276829E1
7.613572958E0,1.742376709E0,1.371313339E1,1.017793488E1,1.716613708E1
7.623531958E0,1.483864288E0,1.440065369E1,1.012255005E1,1.766484360E1
7.633490958E0,1.088835754E0,1.502350845E1,1.073073532E1,1.849432481E1
7.643449958E0,7.393125916E-1,1.555175995E1,1.144954056E1,1.932603942E1
7.653408958E0,1.019080811E0,1.589080490E1,1.172272247E1,1.977317446E1
7.663367958E0,1.529818726E0,1.611054794E1,1.187330933E1,2.007151152E1
7.673326958E0,1.747166748E0,1.619616989E1,1.173799072E1,2.007856910E1
7.683285958E0,1.549128571E0,1.621518036E1,1.126452530E1,1.980458037E1
7.693244958E0,1.239721985E0,1.600711304E1,1.086755081E1,1.938732161E1
7.703204958E0,1.058898010E0,1.554038361E1,1.044288391E1,1.875309606E1
7.713163958E0,1.102457428E0,1.489552460E1,9.870923309E0,1.790327323E1
7.723122958E0,1.071172485E0,1.425755127E1,9.301956482E0,1.705730263E1
7.733081958E0,1.193917236E0,1.369427261E1,8.960666199E0,1.640890245E1
7.743040958E0,1.524878998E0,1.321676559E1,8.610544281E0,1.584770083E1
7.752999958E0,1.491049347E0,1.286095551E1,7.948770447E0,1.519244405E1
7.762958958E0,1.055155792E0,1.306468185E1,6.492598572E0,1.462713581E1
7.772917958E0,1.629361725E0,1.150118317E1,6.527326355E0,1.332433950E1
7.782876958E0,1.964664459E0,1.114297806E1,6.762637024E0,1.318177249E1
7.792836958E0,1.759291534E0,1.145163620E1,6.697223053E0,1.338237180E1
7.802795958E0,1.011296997E0,1.193827423E1,7.326963501E0,1.404384233E1
7.812754958E0,2.610571289E-1,1.093251572E1,8.155340881E0,1.364176072E1
7.822713958E0,-6.412664795E-1,9.312285004E0,7.954159241E0,1.226370759E1
7.832672958E0,-4.825964355E-1,8.281378784E0,7.364235992E0,1.109261491E1
7.842631958E0,1.235081635E0,8.069419556E0,7.110363922E0,1.082581330E1
7.852590958E0,2.968776398E0,8.234675903E0,6.902745667E0,1.114770910E1
7.862549958E0,3.304827576E0,7.949219513E0,6.365063782E0,1.070635387E1
7.872508958E0,3.499871979E0,7.557933197E0,8.271649017E0,1.173846819E1
7.882467958E0,3.710933075E0,7.893535309E0,1.034678375E1,1.353273283E1
7.892427958E0,2.843187561E0,8.833580475E0,7.465874634E0,1.191029570E1
7.902386958E0,2.762954407E0,8.465196533E0,8.311316528E0,1.218078207E1
7.912345958E0,2.101479950E0,7.662864990E0,8.838220825E0,1.188485865E1
7.922304958E0,1.738035736E0,7.020999756E0,8.334218903E0,1.103514434E1
7.932263958E0,2.263143768E0,6.366710358E0,7.988737335E0,1.046311353E1
7.942222958E0,3.039579163E0,6.044131165E0,7.215146027E0,9.890849064E0
7.952181958E0,3.258274384E0,5.948779449E0,6.621181183E0,9.478626966E0
7.962140958E0,3.118315430E0,5.877527618E0,6.283034363E0,9.151270012E0
7.972099958E0,2.803819427E0,6.017037506E0,6.208639069E0,9.089188237E0
7.982058958E0,2.467768250E0,6.189029846E0,6.356980591E0,9.208972408E0
7.992018958E0,2.281405792E0,6.336772614E0,6.661297760E0,9.472718057E0
8.001977958E0,2.151326294E0,6.403533783E0,6.965165863E0,9.702936938E0
8.011936958E0,2.083217926E0,6.388115845E0,7.198680267E0,9.847274677E0
8.021895958E0,2.086660767E0,6.321204987E0,7.453300781E0,9.993171577E0
8.031854958E0,2.032024384E0,6.296506348E0,7.666307831E0,1.012656857E1
8.041813958E0,1.853146362E0,6.257138214E0,7.731572113E0,1.011746695E1
8.051772958E0,1.688937836E0,6.215973816E0,7.692952423E0,1.003356160E1
8.061731958E0,1.780247955E0,6.221661987E0,7.595205688E0,9.978251857E0
8.071690958E0,2.079924774E0,6.361770630E0,7.439978485E0,1.000757176E1
8.081650958E0,2.194736023E0,6.488706665E0,7.337890778E0,1.003816823E1
8.091609958E0,2.271526337E0,6.539750519E0,7.285050659E0,1.004988218E1
8.101568958E0,2.376607819E0,6.532266083E0,7.178172913E0,9.992243555E0
8.111527958E0,2.484234009E0,6.477330322E0,7.047943726E0,9.889425538E0
8.121486958E0,2.428849182E0,6.398893433E0,7.117249603E0,9.874228447E0
8.131445958E0,2.373763733E0,6.364165649E0,7.310946808E0,9.979343761E0
8.141404958E0,2.278412018E0,6.361022186E0,7.515720978E0,1.010642501E1
8.151363958E0,2.214345245E0,6.336473236E0,7.614365845E0,1.015050665E1
8.161322958E0,2.051783295E0,6.311325531E0,7.719746704E0,1.018023250E1
8.171281958E0,2.155367889E0,6.322252808E0,7.701933746E0,1.019491416E1
8.181241958E0,2.142045593E0,6.346801758E0,7.638316040E0,1.015943521E1
8.191200958E0,2.183958435E0,6.283483429E0,7.533683624E0,1.005028494E1
8.201159958E0,2.177072754E0,6.264772339E0,7.369475098E0,9.914443073E0
8.211118958E0,2.151925049E0,6.217321014E0,7.196734314E0,9.750838261E0
8.221077958E0,2.201022949E0,6.183341675E0,7.055577850E0,9.636357979E0
8.231036958E0,2.274520111E0,6.172264709E0,7.114854584E0,9.689760014E0
8.240995958E0,2.399510193E0,6.188281403E0,7.304959259E0,9.869898969E0
8.250954958E0,2.460583191E0,6.202950897E0,7.337890778E0,9.918453031E0
8.260913958E0,2.397713928E0,6.140830078E0,7.124284973E0,9.706403171E0
8.270873958E0,2.269430695E0,6.061794434E0,6.585255890E0,9.233702538E0
8.280832958E0,2.309397583E0,5.938301239E0,6.772516479E0,9.298586896E0
8.290791958E0,2.262545013E0,5.954467621E0,6.843169556E0,9.348998029E0
8.300750958E0,2.150877228E0,6.061944122E0,7.009024658E0,9.513141755E0
8.310709958E0,2.142644348E0,6.175408173E0,7.329059143E0,9.820473452E0
8.320668958E0,2.202519836E0,6.198909302E0,7.767198029E0,1.017874920E1
8.330627958E0,2.242486725E0,6.160139923E0,8.234376526E0,1.052525664E1
8.340586958E0,2.298170929E0,6.257886658E0,8.431067505E0,1.074828518E1
8.350545958E0,2.179168396E0,6.302643585E0,8.320896606E0,1.066346151E1
8.360504958E0,2.006726990E0,6.219566345E0,8.033943329E0,1.035636056E1